{"y": {"0": 5.792371794871796, "1": 5.650579710144927, "2": 5.569243498817967, "3": 5.309661835748792, "4": 5.512195121951219, "5": 5.676042154566743, "6": 5.352407407407408, "7": 5.742000000000002, "8": 5.601024096385544, "9": 5.520812500000002, "10": 5.4142553191489355, "11": 5.499767441860464, "12": 5.442852112676055, "13": 5.5726804123711355, "14": 5.491898734177216, "15": 6.073703703703706, "16": 5.6317610062893095, "17": 5.3982758620689655, "18": 5.544736842105266, "19": 5.661107382550337, "20": 5.493117647058824, "21": 5.663147632311981, "22": 5.458049853372433, "23": 5.599167671893846, "24": 5.493660418963615, "25": 5.710244047619049, "26": 5.521670457417246, "27": 5.728219944082016, "28": 5.663689788053946, "29": 5.620524722502522, "30": 5.678848920863306, "31": 5.679175027870681, "32": 5.654546580006188, "33": 5.620674665275601, "34": 5.56396378269618, "35": 5.5468614772444695, "36": 5.626409523008322, "37": 5.579397009165473, "38": 5.644348134304306, "39": 5.670222282608695, "40": 5.6010697607929085, "41": 5.582764920145708, "42": 5.557493727079718, "43": 5.593680476850098, "44": 5.54804833102986, "45": 5.596726614314194, "46": 5.56074523682153, "47": 5.521596335599408, "48": 5.519123189091953, "49": 5.509438032341676, "50": 5.491670167454347, "51": 5.456581260198679, "52": 5.466828537170262, "53": 5.460378000937599, "54": 5.456320097526998, "55": 5.449046213264676, "56": 5.4517741098083325, "57": 5.4856400644682175, "58": 5.526025555871836, "59": 5.468307696305161, "60": 5.462970724003881, "61": 5.455772341569469, "62": 5.436334116780574, "63": 5.451049861321234, "64": 5.439781408928244, "65": 5.418548095843488, "66": 5.410437373597024, "67": 5.411982029710311, "68": 5.395093568566245, "69": 5.399092056365863, "70": 5.391138217869183, "71": 5.395978613562199, "72": 5.382555804563966, "73": 5.3910190743387645, "74": 5.379326601866432, "75": 5.374864854950618, "76": 5.3771571252693136, "77": 5.371651171952512, "78": 5.396905148394043, "79": 5.40474108640988, "80": 5.3407567243920395}, "x": {"0": 1926, "1": 1927, "2": 1928, "3": 1929, "4": 1930, "5": 1931, "6": 1932, "7": 1933, "8": 1936, "9": 1937, "10": 1938, "11": 1939, "12": 1940, "13": 1941, "14": 1944, "15": 1945, "16": 1946, "17": 1947, "18": 1948, "19": 1949, "20": 1950, "21": 1951, "22": 1952, "23": 1953, "24": 1954, "25": 1955, "26": 1956, "27": 1957, "28": 1958, "29": 1959, "30": 1960, "31": 1961, "32": 1962, "33": 1963, "34": 1964, "35": 1965, "36": 1966, "37": 1967, "38": 1968, "39": 1969, "40": 1970, "41": 1971, "42": 1972, "43": 1973, "44": 1974, "45": 1975, "46": 1976, "47": 1977, "48": 1978, "49": 1979, "50": 1980, "51": 1981, "52": 1982, "53": 1983, "54": 1984, "55": 1985, "56": 1986, "57": 1987, "58": 1988, "59": 1989, "60": 1990, "61": 1991, "62": 1992, "63": 1993, "64": 1994, "65": 1995, "66": 1996, "67": 1997, "68": 1998, "69": 1999, "70": 2000, "71": 2001, "72": 2002, "73": 2003, "74": 2004, "75": 2005, "76": 2006, "77": 2007, "78": 2008, "79": 2009, "80": 2010}, "mov_x": {"0": 1931, "1": 1932, "2": 1933, "3": 1936, "4": 1937, "5": 1938, "6": 1939, "7": 1940, "8": 1941, "9": 1944, "10": 1945, "11": 1946, "12": 1947, "13": 1948, "14": 1949, "15": 1950, "16": 1951, "17": 1952, "18": 1953, "19": 1954, "20": 1955, "21": 1956, "22": 1957, "23": 1958, "24": 1959, "25": 1960, "26": 1961, "27": 1962, "28": 1963, "29": 1964, "30": 1965, "31": 1966, "32": 1967, "33": 1968, "34": 1969, "35": 1970, "36": 1971, "37": 1972, "38": 1973, "39": 1974, "40": 1975, "41": 1976, "42": 1977, "43": 1978, "44": 1979, "45": 1980, "46": 1981, "47": 1982, "48": 1983, "49": 1984, "50": 1985, "51": 1986, "52": 1987, "53": 1988, "54": 1989, "55": 1990, "56": 1991, "57": 1992, "58": 1993, "59": 1994, "60": 1995, "61": 1996, "62": 1997, "63": 1998, "64": 1999, "65": 2000, "66": 2001, "67": 2002, "68": 2003, "69": 2004, "70": 2005}, "mov_y": {"0": 5.5348221644171547, "1": 5.5197409375887077, "2": 5.5071017989745163, "3": 5.533403656636751, "4": 5.5313740178593509, "5": 5.5711401727730463, "6": 5.5990755326612369, "7": 5.5647031188681328, "8": 5.5590743934401052, "9": 5.5731038816951379, "10": 5.5809901144861271, "11": 5.5973281335312803, "12": 5.5988479076009181, "13": 5.6014966335531886, "14": 5.6016728020318283, "15": 5.5653268364233632, "16": 5.5543177815361569, "17": 5.5873121897374611, "18": 5.5992074843323296, "19": 5.5951492183275473, "20": 5.6137223457079957, "21": 5.6153250852638665, "22": 5.6349747579272425, "23": 5.6371254572654177, "24": 5.6441557936386735, "25": 5.6278175366012162, "26": 5.6382914431603233, "27": 5.6234091496686691, "28": 5.6214749842937053, "29": 5.626444740304323, "30": 5.6186668242972821, "31": 5.6090258135247852, "32": 5.5993205282321377, "33": 5.5966211093895879, "34": 5.5950295642229566, "35": 5.6000160779299275, "36": 5.5934496493112489, "37": 5.5876695819546436, "38": 5.5751470874334084, "39": 5.5590686624067054, "40": 5.5481287030728499, "41": 5.5355103370781462, "42": 5.5264438180872011, "43": 5.5131135704959515, "44": 5.5039407471456654, "45": 5.4891727070407121, "46": 5.4782755943393928, "47": 5.4746799672262743, "48": 5.4753702039042622, "49": 5.4712571703006105, "50": 5.4683872259555644, "51": 5.4683063340926434, "52": 5.4652568920536755, "53": 5.464324078092039, "54": 5.4626702092321642, "55": 5.4596203974900446, "56": 5.4554867238689129, "57": 5.4481209203931229, "58": 5.4350277216625624, "59": 5.4281061576686334, "60": 5.4209229070551643, "61": 5.4149435342544363, "62": 5.4095657030327748, "63": 5.4035626243345281, "64": 5.3975171436283471, "65": 5.3931488195390607, "66": 5.3898207947062895, "67": 5.3857877089305095, "68": 5.3859688669132888, "69": 5.3865337699176923, "70": 5.3814956205699769}}